gbifID	datasetKey	occurrenceID	kingdom	phylum	class	order	family	genus	species	infraspecificEpithet	taxonRank	scientificName	verbatimScientificName	verbatimScientificNameAuthorship	countryCode	locality	stateProvince	occurrenceStatus	individualCount	publishingOrgKey	decimalLatitude	decimalLongitude	coordinateUncertaintyInMeters	coordinatePrecision	elevation	elevationAccuracy	depth	depthAccuracy	eventDate	day	month	year	taxonKey	speciesKey	basisOfRecord	institutionCode	collectionCode	catalogNumber	recordNumber	identifiedBy	dateIdentified	license	rightsHolder	recordedBy	typeStatus	establishmentMeans	lastInterpreted	mediaType	issue
686440634	1d04e739-98a9-4e16-9970-8f8f3bf9e9e3	8df64394-1ed8-11e3-bfac-90b11c41863e	Animalia	Chordata	Mammalia	Carnivora	Mustelidae	Lontra	Lontra longicaudis	annectens	SUBSPECIES	Lontra longicaudis annectens (Major, 1897)	Lontra longicaudis annectens		MX	PIHUAMO, 20 MI S, 5 MI W OF	Jalisco	PRESENT		b554c320-0560-11d8-b851-b8a03c50a862	18.9622558	-103.4559631							1967-04-20	20	4	1967	6163971	2433738	PRESERVED_SPECIMEN	KU	KUM	111978				CC_BY_4_0		CLIFTON P L			2025-03-05T20:57:38.788Z		COORDINATE_REPROJECTED
686434738	1d04e739-98a9-4e16-9970-8f8f3bf9e9e3	8da1a4db-1ed8-11e3-bfac-90b11c41863e	Animalia	Chordata	Mammalia	Carnivora	Mustelidae	Lontra	Lontra longicaudis	annectens	SUBSPECIES	Lontra longicaudis annectens (Major, 1897)	Lontra longicaudis annectens		MX	CUITZAMALA	Jalisco	PRESENT		b554c320-0560-11d8-b851-b8a03c50a862	19.3851185	-104.9664517							1966-02-10	10	2	1966	6163971	2433738	PRESERVED_SPECIMEN	KU	KUM	105878				CC_BY_4_0		CLIFTON P L			2025-03-05T20:57:36.434Z		COORDINATE_REPROJECTED
686429538	1d04e739-98a9-4e16-9970-8f8f3bf9e9e3	8d59c483-1ed8-11e3-bfac-90b11c41863e	Animalia	Chordata	Mammalia	Carnivora	Mustelidae	Lontra	Lontra longicaudis	annectens	SUBSPECIES	Lontra longicaudis annectens (Major, 1897)	Lontra longicaudis annectens		MX	MASCOTA, 5 MI SSE OF	Jalisco	PRESENT		b554c320-0560-11d8-b851-b8a03c50a862	20.4586121	-104.7587863							1965-04-01	1	4	1965	6163971	2433738	PRESERVED_SPECIMEN	KU	KUM	100657				CC_BY_4_0		CLIFTON P L			2025-03-05T20:57:33.917Z		COORDINATE_REPROJECTED
686419995	1d04e739-98a9-4e16-9970-8f8f3bf9e9e3	8cf810bf-1ed8-11e3-bfac-90b11c41863e	Animalia	Chordata	Mammalia	Carnivora	Mustelidae	Lontra	Lontra longicaudis	annectens	SUBSPECIES	Lontra longicaudis annectens (Major, 1897)	Lontra longicaudis annectens		MX	CHOIX, 25 KM N, 3 KM W OF	Sinaloa	PRESENT		b554c320-0560-11d8-b851-b8a03c50a862	26.9349663	-108.353316							1962-05-28	28	5	1962	6163971	2433738	PRESERVED_SPECIMEN	KU	KUM	90986				CC_BY_4_0		CLIFTON P L			2025-03-05T20:57:27.601Z		COORDINATE_ROUNDED;COORDINATE_REPROJECTED
686418941	1d04e739-98a9-4e16-9970-8f8f3bf9e9e3	8ce81805-1ed8-11e3-bfac-90b11c41863e	Animalia	Chordata	Mammalia	Carnivora	Mustelidae	Lontra	Lontra longicaudis	annectens	SUBSPECIES	Lontra longicaudis annectens (Major, 1897)	Lontra longicaudis annectens		MX	EL FUERTE	Sinaloa	PRESENT		b554c320-0560-11d8-b851-b8a03c50a862	26.4163902	-108.6175782							1962-01-18	18	1	1962	6163971	2433738	PRESERVED_SPECIMEN	KU	KUM	89922				CC_BY_4_0		CLIFTON P L			2025-03-05T20:57:26.601Z		COORDINATE_REPROJECTED
686416708	1d04e739-98a9-4e16-9970-8f8f3bf9e9e3	8ccddd08-1ed8-11e3-bfac-90b11c41863e	Animalia	Chordata	Mammalia	Carnivora	Mustelidae	Lontra	Lontra longicaudis	annectens	SUBSPECIES	Lontra longicaudis annectens (Major, 1897)	Lontra longicaudis annectens		MX	RUIZ, 15 KM E OF; NEAR EL VENADO	Nayarit	PRESENT		b554c320-0560-11d8-b851-b8a03c50a862	21.9435238	-105.0147115							1960-07-01	1	7	1960	6163971	2433738	PRESERVED_SPECIMEN	KU	KUM	87666				CC_BY_4_0		LEE M R			2025-03-05T20:57:25.560Z		COORDINATE_REPROJECTED
686416707	1d04e739-98a9-4e16-9970-8f8f3bf9e9e3	8ccddbbd-1ed8-11e3-bfac-90b11c41863e	Animalia	Chordata	Mammalia	Carnivora	Mustelidae	Lontra	Lontra longicaudis	annectens	SUBSPECIES	Lontra longicaudis annectens (Major, 1897)	Lontra longicaudis annectens		MX	RUIZ, 15 KM E OF; NEAR EL VENADO	Nayarit	PRESENT		b554c320-0560-11d8-b851-b8a03c50a862	21.9435238	-105.0147115							1960-07-01	1	7	1960	6163971	2433738	PRESERVED_SPECIMEN	KU	KUM	87665				CC_BY_4_0		LEE M R			2025-03-05T20:57:25.538Z		COORDINATE_REPROJECTED
686414456	1d04e739-98a9-4e16-9970-8f8f3bf9e9e3	8cc1e5ae-1ed8-11e3-bfac-90b11c41863e	Animalia	Chordata	Mammalia	Carnivora	Mustelidae	Lontra	Lontra longicaudis	annectens	SUBSPECIES	Lontra longicaudis annectens (Major, 1897)	Lontra longicaudis annectens		MX	URIQUE	Chihuahua	PRESENT		b554c320-0560-11d8-b851-b8a03c50a862	27.2127528	-107.9142363							1960-06-24	24	6	1960	6163971	2433738	PRESERVED_SPECIMEN	KU	KUM	85406				CC_BY_4_0		JONES J K JR			2025-03-05T20:57:24.817Z		COORDINATE_REPROJECTED
686397223	1d04e739-98a9-4e16-9970-8f8f3bf9e9e3	8bf0605f-1ed8-11e3-bfac-90b11c41863e	Animalia	Chordata	Mammalia	Carnivora	Mustelidae	Lontra	Lontra longicaudis	annectens	SUBSPECIES	Lontra longicaudis annectens (Major, 1897)	Lontra longicaudis annectens		MX	TEPIC; RIO MOLOLOA	Nayarit	PRESENT		b554c320-0560-11d8-b851-b8a03c50a862	21.5166124	-104.8941369							1951-07-01	1	7	1951	6163971	2433738	PRESERVED_SPECIMEN	KU	KUM	68063				CC_BY_4_0		DICKERMAN R W			2025-03-05T20:57:15.278Z		COORDINATE_REPROJECTED
686395390	1d04e739-98a9-4e16-9970-8f8f3bf9e9e3	8bd61614-1ed8-11e3-bfac-90b11c41863e	Animalia	Chordata	Mammalia	Carnivora	Mustelidae	Lontra	Lontra longicaudis	annectens	SUBSPECIES	Lontra longicaudis annectens (Major, 1897)	Lontra longicaudis annectens		MX	CHICOMUCELO (100 KM SE OF COMITAN)	Chiapas	PRESENT		b554c320-0560-11d8-b851-b8a03c50a862	15.7424819	-92.2849305							1955-03-15	15	3	1955	6163971	2433738	PRESERVED_SPECIMEN	KU	KUM	66223				CC_BY_4_0		DICKERMAN R W			2025-03-05T20:57:14.210Z		COORDINATE_ROUNDED;COORDINATE_REPROJECTED
686395389	1d04e739-98a9-4e16-9970-8f8f3bf9e9e3	8bd6129f-1ed8-11e3-bfac-90b11c41863e	Animalia	Chordata	Mammalia	Carnivora	Mustelidae	Lontra	Lontra longicaudis	annectens	SUBSPECIES	Lontra longicaudis annectens (Major, 1897)	Lontra longicaudis annectens		MX	MACUSPANA	Tabasco	PRESENT		b554c320-0560-11d8-b851-b8a03c50a862	17.7601594	-92.5977213							1954-09-15	15	9	1954	6163971	2433738	PRESERVED_SPECIMEN	KU	KUM	66222				CC_BY_4_0		DICKERMAN R W			2025-03-05T20:57:14.327Z		COORDINATE_ROUNDED;COORDINATE_REPROJECTED
686395388	1d04e739-98a9-4e16-9970-8f8f3bf9e9e3	8bd60f29-1ed8-11e3-bfac-90b11c41863e	Animalia	Chordata	Mammalia	Carnivora	Mustelidae	Lontra	Lontra longicaudis	annectens	SUBSPECIES	Lontra longicaudis annectens (Major, 1897)	Lontra longicaudis annectens		MX	MACUSPANA	Tabasco	PRESENT		b554c320-0560-11d8-b851-b8a03c50a862	17.7601594	-92.5977213							1955-05-12	12	5	1955	6163971	2433738	PRESERVED_SPECIMEN	KU	KUM	66221				CC_BY_4_0		DICKERMAN R W			2025-03-05T20:57:14.327Z		COORDINATE_ROUNDED;COORDINATE_REPROJECTED
686395387	1d04e739-98a9-4e16-9970-8f8f3bf9e9e3	8bd60bb1-1ed8-11e3-bfac-90b11c41863e	Animalia	Chordata	Mammalia	Carnivora	Mustelidae	Lontra	Lontra longicaudis	annectens	SUBSPECIES	Lontra longicaudis annectens (Major, 1897)	Lontra longicaudis annectens		MX	JIQUIPILAS	Chiapas	PRESENT		b554c320-0560-11d8-b851-b8a03c50a862	16.6674328	-93.6499653							1955-02-24	24	2	1955	6163971	2433738	PRESERVED_SPECIMEN	KU	KUM	66220				CC_BY_4_0		DICKERMAN R W			2025-03-05T20:57:14.664Z		COORDINATE_ROUNDED;COORDINATE_REPROJECTED
686395285	1d04e739-98a9-4e16-9970-8f8f3bf9e9e3	8bd4b80f-1ed8-11e3-bfac-90b11c41863e	Animalia	Chordata	Mammalia	Carnivora	Mustelidae	Lontra	Lontra longicaudis	annectens	SUBSPECIES	Lontra longicaudis annectens (Major, 1897)	Lontra longicaudis annectens		MX	SAN MARCOS, 1 MI S OF	Nayarit	PRESENT		b554c320-0560-11d8-b851-b8a03c50a862	20.7773485	-104.1964275							1955-02-04	4	2	1955	6163971	2433738	PRESERVED_SPECIMEN	KU	KUM	66118				CC_BY_4_0		J. R. Alcorn			2025-03-05T20:57:14.167Z		COORDINATE_REPROJECTED
686361645	1d04e739-98a9-4e16-9970-8f8f3bf9e9e3	8a3801c7-1ed8-11e3-bfac-90b11c41863e	Animalia	Chordata	Mammalia	Carnivora	Mustelidae	Lontra	Lontra longicaudis	annectens	SUBSPECIES	Lontra longicaudis annectens (Major, 1897)	Lontra longicaudis annectens		MX	JESUS CARRANZA, 20 KM ENE OF	Veracruz	PRESENT		b554c320-0560-11d8-b851-b8a03c50a862	17.501833	-94.8380518							1949-04-10	10	4	1949	6163971	2433738	PRESERVED_SPECIMEN	KU	KUM	32225				CC_BY_4_0		Walter W. Dalquest			2025-03-05T20:56:57.515Z		COORDINATE_ROUNDED;COORDINATE_REPROJECTED
686354007	1d04e739-98a9-4e16-9970-8f8f3bf9e9e3	89d7caa5-1ed8-11e3-bfac-90b11c41863e	Animalia	Chordata	Mammalia	Carnivora	Mustelidae	Lontra	Lontra longicaudis	annectens	SUBSPECIES	Lontra longicaudis annectens (Major, 1897)	Lontra longicaudis annectens		MX	JESUS CARRANZA, 38 KM SE OF	Veracruz	PRESENT		b554c320-0560-11d8-b851-b8a03c50a862	17.1876815	-94.7530489							1948-04-30	30	4	1948	6163971	2433738	PRESERVED_SPECIMEN	KU	KUM	24548				CC_BY_4_0		Walter W. Dalquest			2025-03-05T20:56:53.832Z		COORDINATE_ROUNDED;COORDINATE_REPROJECTED
686354006	1d04e739-98a9-4e16-9970-8f8f3bf9e9e3	89d7c8be-1ed8-11e3-bfac-90b11c41863e	Animalia	Chordata	Mammalia	Carnivora	Mustelidae	Lontra	Lontra longicaudis	annectens	SUBSPECIES	Lontra longicaudis annectens (Major, 1897)	Lontra longicaudis annectens		MX	JESUS CARRANZA, 35 KM SE OF	Veracruz	PRESENT		b554c320-0560-11d8-b851-b8a03c50a862	17.2068475	-94.7747155							1948-04-08	8	4	1948	6163971	2433738	PRESERVED_SPECIMEN	KU	KUM	24547				CC_BY_4_0		Walter W. Dalquest			2025-03-05T20:56:53.777Z		COORDINATE_ROUNDED;COORDINATE_REPROJECTED
686348778	1d04e739-98a9-4e16-9970-8f8f3bf9e9e3	89a09bfc-1ed8-11e3-bfac-90b11c41863e	Animalia	Chordata	Mammalia	Carnivora	Mustelidae	Lontra	Lontra longicaudis	annectens	SUBSPECIES	Lontra longicaudis annectens (Major, 1897)	Lontra longicaudis annectens		MX	PIEDRAS NEGRAS, 15 KM W OF; RIO BLANCO	Veracruz	PRESENT		b554c320-0560-11d8-b851-b8a03c50a862	18.7698243	-96.3247569							1946-10-25	25	10	1946	6163971	2433738	PRESERVED_SPECIMEN	KU	KUM	19271				CC_BY_4_0		Walter W. Dalquest			2025-03-05T20:56:51.412Z		COORDINATE_ROUNDED;COORDINATE_REPROJECTED
675761936	b6015b60-6f96-43a9-88e5-2f41854e8f07	urn:catalog:TCWC:Mammals:5568	Animalia	Chordata	Mammalia	Carnivora	Mustelidae	Lontra	Lontra longicaudis	annectens	SUBSPECIES	Lontra longicaudis annectens (Major, 1897)	Lontra longicaudis annectens		MX	Chapolapa	Guerrero	PRESENT		2b8e48b0-812d-11de-86fe-b8a03c50a862	17.270625	-99.378767							1954-11-16	16	11	1954	6163971	2433738	PRESERVED_SPECIMEN	TCWC	Mammals	5568	126			CC0_1_0		Villanueva, J.			2025-02-02T04:32:07.494Z		GEODETIC_DATUM_INVALID;GEODETIC_DATUM_ASSUMED_WGS84;INSTITUTION_MATCH_FUZZY;COLLECTION_MATCH_FUZZY
675761932	b6015b60-6f96-43a9-88e5-2f41854e8f07	urn:catalog:TCWC:Mammals:5567	Animalia	Chordata	Mammalia	Carnivora	Mustelidae	Lontra	Lontra longicaudis	annectens	SUBSPECIES	Lontra longicaudis annectens (Major, 1897)	Lontra longicaudis annectens		MX	Chapolapa	Guerrero	PRESENT		2b8e48b0-812d-11de-86fe-b8a03c50a862	17.270625	-99.378767							1954-10-15	15	10	1954	6163971	2433738	PRESERVED_SPECIMEN	TCWC	Mammals	5567	124			CC0_1_0		Villanueva, J.			2025-02-02T04:32:07.428Z		GEODETIC_DATUM_INVALID;GEODETIC_DATUM_ASSUMED_WGS84;INSTITUTION_MATCH_FUZZY;COLLECTION_MATCH_FUZZY
675761928	b6015b60-6f96-43a9-88e5-2f41854e8f07	urn:catalog:TCWC:Mammals:5566	Animalia	Chordata	Mammalia	Carnivora	Mustelidae	Lontra	Lontra longicaudis	annectens	SUBSPECIES	Lontra longicaudis annectens (Major, 1897)	Lontra longicaudis annectens		MX	Chapolapa	Guerrero	PRESENT		2b8e48b0-812d-11de-86fe-b8a03c50a862	17.270625	-99.378767							1953-05-20	20	5	1953	6163971	2433738	PRESERVED_SPECIMEN	TCWC	Mammals	5566	127			CC0_1_0		Villanueva, J.			2025-02-02T04:32:08.213Z		GEODETIC_DATUM_INVALID;GEODETIC_DATUM_ASSUMED_WGS84;INSTITUTION_MATCH_FUZZY;COLLECTION_MATCH_FUZZY
4852029289	50c9509d-22c7-4a22-a47d-8c48425ef4a7	https://www.inaturalist.org/observations/210635815	Animalia	Chordata	Mammalia	Carnivora	Mustelidae	Lontra	Lontra longicaudis	annectens	SUBSPECIES	Lontra longicaudis annectens (Major, 1897)	Lontra longicaudis annectens		MX		Veracruz	PRESENT		28eb1a3f-1c15-4a95-931a-4af90ecb574d	18.865279	-97.075622	822.0						2024-04-20T23:43	20	4	2024	6163971	2433738	HUMAN_OBSERVATION	iNaturalist	Observations	210635815		Juan Cruzado Cortés	2024-04-28T17:31:11	CC_BY_NC_4_0	PNCañón DelRioblanco	PNCañón DelRioblanco			2025-03-07T15:08:04.187Z	StillImage	COORDINATE_ROUNDED;CONTINENT_DERIVED_FROM_COORDINATES;TAXON_MATCH_TAXON_ID_IGNORED
46246197	84faa3a4-f762-11e1-a439-00145eb45e9a		Animalia	Chordata	Mammalia	Carnivora	Mustelidae	Lontra	Lontra longicaudis	annectens	SUBSPECIES	Lontra longicaudis annectens (Major, 1897)	Lontra longicaudis annectens		MX	ESTACION CHAJUL DE SEDUE, RESERVA DE LA BIOSFERA MONTES AZULES	Chiapas	PRESENT		b459e790-0d3c-11d9-8431-b8a03c50a862	16.536389	-91.160278							1987-12-29	29	12	1987	6163971	2433738	OCCURRENCE	IBUNAM	CNMA	26880		Julieta Vargas Cuenca (CNMA)		CC_BY_NC_4_0		SOBERON-M., F.			2025-02-16T15:31:27.450Z		COORDINATE_ROUNDED;GEODETIC_DATUM_ASSUMED_WGS84;CONTINENT_DERIVED_FROM_COORDINATES;IDENTIFIED_DATE_INVALID;BASIS_OF_RECORD_INVALID
46245733	84faa3a4-f762-11e1-a439-00145eb45e9a		Animalia	Chordata	Mammalia	Carnivora	Mustelidae	Lontra	Lontra longicaudis	annectens	SUBSPECIES	Lontra longicaudis annectens (Major, 1897)	Lontra longicaudis annectens		MX	RIO PINELA, POZA DEL MANGO GACHO	Guerrero	PRESENT		b459e790-0d3c-11d9-8431-b8a03c50a862	16.964722	-99.096944							1986-02-15	15	2	1986	6163971	2433738	OCCURRENCE	IBUNAM	CNMA	24562		Yolanda Hortelano (CNMA)		CC_BY_NC_4_0		GALLO-R., J. P.			2025-02-16T15:31:19.874Z		COORDINATE_ROUNDED;GEODETIC_DATUM_ASSUMED_WGS84;CONTINENT_DERIVED_FROM_COORDINATES;IDENTIFIED_DATE_INVALID;BASIS_OF_RECORD_INVALID
46245732	84faa3a4-f762-11e1-a439-00145eb45e9a		Animalia	Chordata	Mammalia	Carnivora	Mustelidae	Lontra	Lontra longicaudis	annectens	SUBSPECIES	Lontra longicaudis annectens (Major, 1897)	Lontra longicaudis annectens		MX	RIO ATOYAC	Guerrero	PRESENT		b459e790-0d3c-11d9-8431-b8a03c50a862	17.208889	-100.434167											6163971	2433738	OCCURRENCE	IBUNAM	CNMA	24561		Yolanda Hortelano (CNMA)		CC_BY_NC_4_0		GALLO-R., J. P.			2025-02-16T15:31:19.874Z		COORDINATE_ROUNDED;GEODETIC_DATUM_ASSUMED_WGS84;CONTINENT_DERIVED_FROM_COORDINATES;IDENTIFIED_DATE_INVALID;BASIS_OF_RECORD_INVALID
46245731	84faa3a4-f762-11e1-a439-00145eb45e9a		Animalia	Chordata	Mammalia	Carnivora	Mustelidae	Lontra	Lontra longicaudis	annectens	SUBSPECIES	Lontra longicaudis annectens (Major, 1897)	Lontra longicaudis annectens		MX	RIO COYUCA	Guerrero	PRESENT		b459e790-0d3c-11d9-8431-b8a03c50a862	17.007222	-100.0875											6163971	2433738	OCCURRENCE	IBUNAM	CNMA	24560		Yolanda Hortelano (CNMA)		CC_BY_NC_4_0		GALLO-R., J. P.			2025-02-16T15:31:19.874Z		COORDINATE_ROUNDED;GEODETIC_DATUM_ASSUMED_WGS84;CONTINENT_DERIVED_FROM_COORDINATES;IDENTIFIED_DATE_INVALID;BASIS_OF_RECORD_INVALID
46245729	84faa3a4-f762-11e1-a439-00145eb45e9a		Animalia	Chordata	Mammalia	Carnivora	Mustelidae	Lontra	Lontra longicaudis	annectens	SUBSPECIES	Lontra longicaudis annectens (Major, 1897)	Lontra longicaudis annectens		MX	RIO GRANDE	Oaxaca	PRESENT		b459e790-0d3c-11d9-8431-b8a03c50a862	16.625	-97.847222											6163971	2433738	OCCURRENCE	IBUNAM	CNMA	24559		Yolanda Hortelano (CNMA)		CC_BY_NC_4_0		GALLO-R., J. P.			2025-02-16T15:31:19.873Z		COORDINATE_ROUNDED;GEODETIC_DATUM_ASSUMED_WGS84;CONTINENT_DERIVED_FROM_COORDINATES;IDENTIFIED_DATE_INVALID;BASIS_OF_RECORD_INVALID
46245728	84faa3a4-f762-11e1-a439-00145eb45e9a		Animalia	Chordata	Mammalia	Carnivora	Mustelidae	Lontra	Lontra longicaudis	annectens	SUBSPECIES	Lontra longicaudis annectens (Major, 1897)	Lontra longicaudis annectens		MX	RIO ZIMATAN	Oaxaca	PRESENT		b459e790-0d3c-11d9-8431-b8a03c50a862	15.9225	-96.174444			9999.0	0.0							6163971	2433738	OCCURRENCE	IBUNAM	CNMA	24558		Yolanda Hortelano (CNMA)		CC_BY_NC_4_0		GALLO-R., J. P.			2025-02-16T15:31:19.874Z		COORDINATE_ROUNDED;GEODETIC_DATUM_ASSUMED_WGS84;CONTINENT_DERIVED_FROM_COORDINATES;IDENTIFIED_DATE_INVALID;BASIS_OF_RECORD_INVALID
46245491	84faa3a4-f762-11e1-a439-00145eb45e9a		Animalia	Chordata	Mammalia	Carnivora	Mustelidae	Lontra	Lontra longicaudis	annectens	SUBSPECIES	Lontra longicaudis annectens (Major, 1897)	Lontra longicaudis annectens		MX	2 KM NW	Jalisco	PRESENT		b459e790-0d3c-11d9-8431-b8a03c50a862	19.39779	-104.98112			20.0	0.0			1973-02-09	9	2	1973	6163971	2433738	OCCURRENCE	IBUNAM	CNMA	14544		Nadya Moreno Almeraya (CONABIO)		CC_BY_NC_4_0		SANCHEZ-H., C.			2025-02-16T15:31:21.141Z		COORDINATE_ROUNDED;GEODETIC_DATUM_ASSUMED_WGS84;CONTINENT_DERIVED_FROM_COORDINATES;IDENTIFIED_DATE_INVALID;BASIS_OF_RECORD_INVALID
46244292	84faa3a4-f762-11e1-a439-00145eb45e9a		Animalia	Chordata	Mammalia	Carnivora	Mustelidae	Lontra	Lontra longicaudis	annectens	SUBSPECIES	Lontra longicaudis annectens (Major, 1897)	Lontra longicaudis annectens		MX		Chiapas	PRESENT		b459e790-0d3c-11d9-8431-b8a03c50a862	17.19	-93.105							1957-02-02	2	2	1957	6163971	2433738	OCCURRENCE	IBUNAM	CNMA	3952		Julieta Vargas Cuenca (CNMA)		CC_BY_NC_4_0		VILLA-R., B.			2025-02-16T15:31:29.256Z		GEODETIC_DATUM_ASSUMED_WGS84;CONTINENT_DERIVED_FROM_COORDINATES;IDENTIFIED_DATE_INVALID;BASIS_OF_RECORD_INVALID
46244279	84faa3a4-f762-11e1-a439-00145eb45e9a		Animalia	Chordata	Mammalia	Carnivora	Mustelidae	Lontra	Lontra longicaudis	annectens	SUBSPECIES	Lontra longicaudis annectens (Major, 1897)	Lontra longicaudis annectens		MX		Tabasco	PRESENT		b459e790-0d3c-11d9-8431-b8a03c50a862	17.829167	-93.391667											6163971	2433738	OCCURRENCE	IBUNAM	CNMA	3784		Yolanda Hortelano (CNMA)		CC_BY_NC_4_0		SANCHEZ-H., O.			2025-02-16T15:31:29.252Z		COORDINATE_ROUNDED;GEODETIC_DATUM_ASSUMED_WGS84;CONTINENT_DERIVED_FROM_COORDINATES;IDENTIFIED_DATE_INVALID;BASIS_OF_RECORD_INVALID
46244276	84faa3a4-f762-11e1-a439-00145eb45e9a		Animalia	Chordata	Mammalia	Carnivora	Mustelidae	Lontra	Lontra longicaudis	annectens	SUBSPECIES	Lontra longicaudis annectens (Major, 1897)	Lontra longicaudis annectens		MX	SAN MIGUEL, 3 KM NE	Guerrero	PRESENT		b459e790-0d3c-11d9-8431-b8a03c50a862	16.983889	-99.075278							1983-12-21	21	12	1983	6163971	2433738	OCCURRENCE	IBUNAM	CNMA	3783		Yolanda Hortelano (CNMA)		CC_BY_NC_4_0		GALLO-R., J. P.			2025-02-16T15:31:29.252Z		COORDINATE_ROUNDED;GEODETIC_DATUM_ASSUMED_WGS84;CONTINENT_DERIVED_FROM_COORDINATES;IDENTIFIED_DATE_INVALID;BASIS_OF_RECORD_INVALID
4169270499	f6cc0fcc-1605-4bd4-bbea-dd12f697a2ba	45b1bd8077e0e21eae2553023ab69632	Animalia	Chordata	Mammalia	Carnivora	Mustelidae	Lontra	Lontra longicaudis	annectens	SUBSPECIES	Lontra longicaudis annectens (Major, 1897)	Lontra longicaudis subsp. annectens	(Major, 1897)	MX	Laguna Escondida	Veracruz de ignacio de la llave	PRESENT	1	ff90b050-c256-11db-b71b-b8a03c50a862	18.58	-95.07	90.0						1982-01-20	20	1	1982	6163971	2433738	PRESERVED_SPECIMEN	IBUNAM	CNMA	51				CC_BY_4_0	Comisión Nacional para el Conocimiento y Uso de la Biodiversidad (CONABIO)	Coates L. R.			2025-02-01T02:16:56.327Z		GEODETIC_DATUM_ASSUMED_WGS84;CONTINENT_DERIVED_FROM_COORDINATES;TAXON_MATCH_SCIENTIFIC_NAME_ID_IGNORED;TAXON_MATCH_TAXON_ID_IGNORED;OCCURRENCE_STATUS_INFERRED_FROM_INDIVIDUAL_COUNT;INSTITUTION_MATCH_FUZZY;COLLECTION_MATCH_FUZZY
4169266330	f6cc0fcc-1605-4bd4-bbea-dd12f697a2ba	6c8d56caa407163e5380a484dca79335	Animalia	Chordata	Mammalia	Carnivora	Mustelidae	Lontra	Lontra longicaudis	annectens	SUBSPECIES	Lontra longicaudis annectens (Major, 1897)	Lontra longicaudis subsp. annectens	(Major, 1897)	MX	Laguna Escondida	Veracruz de ignacio de la llave	PRESENT	1	ff90b050-c256-11db-b71b-b8a03c50a862	18.58	-95.07	90.0						1982-01-20	20	1	1982	6163971	2433738	PRESERVED_SPECIMEN	IBUNAM	CNMA	52				CC_BY_4_0	Comisión Nacional para el Conocimiento y Uso de la Biodiversidad (CONABIO)	Coates L. R.			2025-02-01T02:16:56.461Z		GEODETIC_DATUM_ASSUMED_WGS84;CONTINENT_DERIVED_FROM_COORDINATES;TAXON_MATCH_SCIENTIFIC_NAME_ID_IGNORED;TAXON_MATCH_TAXON_ID_IGNORED;OCCURRENCE_STATUS_INFERRED_FROM_INDIVIDUAL_COUNT;INSTITUTION_MATCH_FUZZY;COLLECTION_MATCH_FUZZY
4169250893	f6cc0fcc-1605-4bd4-bbea-dd12f697a2ba	702dbab8f8bea37957b3e104259a98d1	Animalia	Chordata	Mammalia	Carnivora	Mustelidae	Lontra	Lontra longicaudis	annectens	SUBSPECIES	Lontra longicaudis annectens (Major, 1897)	Lontra longicaudis subsp. annectens	(Major, 1897)	MX	LERDO DE TEJADA	Veracruz de ignacio de la llave	PRESENT	1	ff90b050-c256-11db-b71b-b8a03c50a862	18.62	-95.51	90.0						1983-04-20	20	4	1983	6163971	2433738	PRESERVED_SPECIMEN	IBUNAM	CNMA	269				CC_BY_4_0	Comisión Nacional para el Conocimiento y Uso de la Biodiversidad (CONABIO)	Coates L. R.			2025-02-01T02:16:48.446Z		GEODETIC_DATUM_ASSUMED_WGS84;CONTINENT_DERIVED_FROM_COORDINATES;TAXON_MATCH_SCIENTIFIC_NAME_ID_IGNORED;TAXON_MATCH_TAXON_ID_IGNORED;OCCURRENCE_STATUS_INFERRED_FROM_INDIVIDUAL_COUNT;INSTITUTION_MATCH_FUZZY;COLLECTION_MATCH_FUZZY
4169244968	f6cc0fcc-1605-4bd4-bbea-dd12f697a2ba	77ffcfd59f1a979fc2f0c7491064965a	Animalia	Chordata	Mammalia	Carnivora	Mustelidae	Lontra	Lontra longicaudis	annectens	SUBSPECIES	Lontra longicaudis annectens (Major, 1897)	Lontra longicaudis subsp. annectens	(Major, 1897)	MX	Laguna Escondida	Veracruz de ignacio de la llave	PRESENT	1	ff90b050-c256-11db-b71b-b8a03c50a862	18.58	-95.07	90.0						1986-05-28	28	5	1986	6163971	2433738	PRESERVED_SPECIMEN	IBUNAM	CNMA	393				CC_BY_4_0	Comisión Nacional para el Conocimiento y Uso de la Biodiversidad (CONABIO)	Coates L. R.			2025-02-01T02:16:54.668Z		GEODETIC_DATUM_ASSUMED_WGS84;CONTINENT_DERIVED_FROM_COORDINATES;TAXON_MATCH_SCIENTIFIC_NAME_ID_IGNORED;TAXON_MATCH_TAXON_ID_IGNORED;OCCURRENCE_STATUS_INFERRED_FROM_INDIVIDUAL_COUNT;INSTITUTION_MATCH_FUZZY;COLLECTION_MATCH_FUZZY
4169228359	f6cc0fcc-1605-4bd4-bbea-dd12f697a2ba	43e964540e47c0cfc971514a71df352c	Animalia	Chordata	Mammalia	Carnivora	Mustelidae	Lontra	Lontra longicaudis	annectens	SUBSPECIES	Lontra longicaudis annectens (Major, 1897)	Lontra longicaudis subsp. annectens	(Major, 1897)	MX	Río San Nicolás, 2 km SSW Quemaro	Jalisco	PRESENT	1	ff90b050-c256-11db-b71b-b8a03c50a862	19.62	-105.18	90.0						1986-04-18	18	4	1986	6163971	2433738	PRESERVED_SPECIMEN	IBUNAM	CNMA	130				CC_BY_4_0	Comisión Nacional para el Conocimiento y Uso de la Biodiversidad (CONABIO)	Ceballos G. G.			2025-02-01T02:16:56.531Z		GEODETIC_DATUM_ASSUMED_WGS84;CONTINENT_DERIVED_FROM_COORDINATES;TAXON_MATCH_SCIENTIFIC_NAME_ID_IGNORED;TAXON_MATCH_TAXON_ID_IGNORED;OCCURRENCE_STATUS_INFERRED_FROM_INDIVIDUAL_COUNT;INSTITUTION_MATCH_FUZZY;COLLECTION_MATCH_FUZZY
3747240064	50c9509d-22c7-4a22-a47d-8c48425ef4a7	https://www.inaturalist.org/observations/109240932	Animalia	Chordata	Mammalia	Carnivora	Mustelidae	Lontra	Lontra longicaudis	annectens	SUBSPECIES	Lontra longicaudis annectens (Major, 1897)	Lontra longicaudis annectens		MX		Veracruz	PRESENT		28eb1a3f-1c15-4a95-931a-4af90ecb574d	19.027577	-96.063978	340.0						2022-03-21T11:59	21	3	2022	6163971	2433738	HUMAN_OBSERVATION	iNaturalist	Observations	109240932		Guillermo Gassos	2022-03-22T18:32:10	CC_BY_NC_4_0	Guillermo Gassos	Guillermo Gassos			2025-03-07T13:33:01.885Z	StillImage	CONTINENT_DERIVED_FROM_COORDINATES;TAXON_MATCH_TAXON_ID_IGNORED
3306342484	4f39e882-046d-49e7-a7c0-d9e27de127df	9cce0334fb6510aa910f4cd4f053232c	Animalia	Chordata	Mammalia	Carnivora	Mustelidae	Lontra	Lontra longicaudis	annectens	SUBSPECIES	Lontra longicaudis annectens (Major, 1897)	Lontra longicaudis subsp. annectens	(Major, 1897)	MX	Km 78, Autopista Coatzacoalcos-Cárdenas	Tabasco	PRESENT	1	ff90b050-c256-11db-b71b-b8a03c50a862	18.0177	-93.74275			1.5	1.5	0.0	0.0	2013-07-20	20	7	2013	6163971	2433738	PRESERVED_SPECIMEN	FC-UNAM	MZFC-M	12472		Livia Socorro León Paniagua		CC_BY_4_0	Comisión Nacional para el Conocimiento y Uso de la Biodiversidad (CONABIO)	Claudia Irais Muñoz García	NotAType		2025-01-31T20:28:12.639Z		CONTINENT_DERIVED_FROM_COORDINATES;TAXON_MATCH_SCIENTIFIC_NAME_ID_IGNORED;TAXON_MATCH_TAXON_ID_IGNORED;ELEVATION_MIN_MAX_SWAPPED;OCCURRENCE_STATUS_INFERRED_FROM_INDIVIDUAL_COUNT;COLLECTION_MATCH_NONE;INSTITUTION_MATCH_FUZZY
2630419352	805bbcde-f762-11e1-a439-00145eb45e9a	dd66789320392f623ce89e0738b5e959	Animalia	Chordata	Mammalia	Carnivora	Mustelidae	Lontra	Lontra longicaudis	annectens	SUBSPECIES	Lontra longicaudis annectens (Major, 1897)	Lontra longicaudis subsp. annectens	(Major, 1897)	MX	Mérida, 67.6 Km al W	Yucatan	PRESENT	1	ff90b050-c256-11db-b71b-b8a03c50a862	20.96778	-90.233031	55620.0		0.0	0.0	0.0	0.0	1981-01-01	1	1	1981	6163971	2433738	MATERIAL_CITATION	NO DISPONIBLE	NO DISPONIBLE	NO DISPONIBLE		NO DISPONIBLE		CC_BY_4_0	Comisión Nacional para el Conocimiento y Uso de la Biodiversidad (CONABIO)	NO DISPONIBLE	NotAType		2025-01-31T22:33:58.704Z		COORDINATE_ROUNDED;CONTINENT_DERIVED_FROM_COORDINATES;TAXON_MATCH_SCIENTIFIC_NAME_ID_IGNORED;TAXON_MATCH_TAXON_ID_IGNORED;OCCURRENCE_STATUS_INFERRED_FROM_INDIVIDUAL_COUNT;INSTITUTION_MATCH_NONE
2630413359	805bbcde-f762-11e1-a439-00145eb45e9a	f931d95bffc2f050e6619f68d6f3d3ed	Animalia	Chordata	Mammalia	Carnivora	Mustelidae	Lontra	Lontra longicaudis	annectens	SUBSPECIES	Lontra longicaudis annectens (Major, 1897)	Lontra longicaudis subsp. annectens	(Major, 1897)	MX	Río Puyacatengo (límites entre los Estados de Tabasco y Chiapas)	Tabasco	PRESENT	1	ff90b050-c256-11db-b71b-b8a03c50a862	17.64539	-92.9031	17470.0		0.0	0.0	0.0	0.0	1986-01-01	1	1	1986	6163971	2433738	MATERIAL_CITATION	NO DISPONIBLE	NO DISPONIBLE	NO DISPONIBLE		NO DISPONIBLE		CC_BY_4_0	Comisión Nacional para el Conocimiento y Uso de la Biodiversidad (CONABIO)	Gallo, R. J. P.	NotAType		2025-01-31T22:33:58.176Z		CONTINENT_DERIVED_FROM_COORDINATES;TAXON_MATCH_SCIENTIFIC_NAME_ID_IGNORED;TAXON_MATCH_TAXON_ID_IGNORED;OCCURRENCE_STATUS_INFERRED_FROM_INDIVIDUAL_COUNT;INSTITUTION_MATCH_NONE
2630412260	805bbcde-f762-11e1-a439-00145eb45e9a	f4fecec6752172ad29c6b23106a29c06	Animalia	Chordata	Mammalia	Carnivora	Mustelidae	Lontra	Lontra longicaudis	annectens	SUBSPECIES	Lontra longicaudis annectens (Major, 1897)	Lontra longicaudis subsp. annectens	(Major, 1897)	MX	Arroyo Miranda-Boca del Río Chajul (Selva Lacandona)	Chiapas	PRESENT	1	ff90b050-c256-11db-b71b-b8a03c50a862	16.106667	-90.950833	100.0		90.0	90.0	0.0	0.0	1992-01-01	1	1	1992	6163971	2433738	MATERIAL_CITATION	NO DISPONIBLE	NO DISPONIBLE	NO DISPONIBLE		NO DISPONIBLE		CC_BY_4_0	Comisión Nacional para el Conocimiento y Uso de la Biodiversidad (CONABIO)	NO DISPONIBLE	NotAType		2025-01-31T22:33:59.895Z		COORDINATE_ROUNDED;GEODETIC_DATUM_ASSUMED_WGS84;CONTINENT_DERIVED_FROM_COORDINATES;TAXON_MATCH_SCIENTIFIC_NAME_ID_IGNORED;TAXON_MATCH_TAXON_ID_IGNORED;ELEVATION_MIN_MAX_SWAPPED;OCCURRENCE_STATUS_INFERRED_FROM_INDIVIDUAL_COUNT;INSTITUTION_MATCH_NONE
2630412168	805bbcde-f762-11e1-a439-00145eb45e9a	e25dbe05fb8e3c97d0e465df01627065	Animalia	Chordata	Mammalia	Carnivora	Mustelidae	Lontra	Lontra longicaudis	annectens	SUBSPECIES	Lontra longicaudis annectens (Major, 1897)	Lontra longicaudis subsp. annectens	(Major, 1897)	MX	Lacanjá Chansayab, 4 Km al W, Lago Carranza, Reserva Integral de la Biósfera Montes Azules (Selva Lacandona)	Chiapas	PRESENT	1	ff90b050-c256-11db-b71b-b8a03c50a862	16.761111	-91.15	90.0		175.0	175.0	0.0	0.0	1992-01-01	1	1	1992	6163971	2433738	MATERIAL_CITATION	NO DISPONIBLE	NO DISPONIBLE	NO DISPONIBLE		NO DISPONIBLE		CC_BY_4_0	Comisión Nacional para el Conocimiento y Uso de la Biodiversidad (CONABIO)	NO DISPONIBLE	NotAType		2025-01-31T22:33:58.985Z		COORDINATE_ROUNDED;GEODETIC_DATUM_ASSUMED_WGS84;CONTINENT_DERIVED_FROM_COORDINATES;TAXON_MATCH_SCIENTIFIC_NAME_ID_IGNORED;TAXON_MATCH_TAXON_ID_IGNORED;ELEVATION_MIN_MAX_SWAPPED;OCCURRENCE_STATUS_INFERRED_FROM_INDIVIDUAL_COUNT;INSTITUTION_MATCH_NONE
2630411994	805bbcde-f762-11e1-a439-00145eb45e9a	bc5779de920dd5f0882d53f61c83b898	Animalia	Chordata	Mammalia	Carnivora	Mustelidae	Lontra	Lontra longicaudis	annectens	SUBSPECIES	Lontra longicaudis annectens (Major, 1897)	Lontra longicaudis subsp. annectens	(Major, 1897)	MX	Tapachula	Chiapas	PRESENT	1	ff90b050-c256-11db-b71b-b8a03c50a862	14.906944	-92.255556	110.0		0.0	0.0	0.0	0.0	1959-01-01	1	1	1959	6163971	2433738	MATERIAL_CITATION	NO DISPONIBLE	NO DISPONIBLE	NO DISPONIBLE		NO DISPONIBLE		CC_BY_4_0	Comisión Nacional para el Conocimiento y Uso de la Biodiversidad (CONABIO)	NO DISPONIBLE	NotAType		2025-01-31T22:34:00.189Z		COORDINATE_ROUNDED;GEODETIC_DATUM_ASSUMED_WGS84;CONTINENT_DERIVED_FROM_COORDINATES;TAXON_MATCH_SCIENTIFIC_NAME_ID_IGNORED;TAXON_MATCH_TAXON_ID_IGNORED;OCCURRENCE_STATUS_INFERRED_FROM_INDIVIDUAL_COUNT;INSTITUTION_MATCH_NONE
2630407060	805bbcde-f762-11e1-a439-00145eb45e9a	cf17979037d673e28f418bd526a3f805	Animalia	Chordata	Mammalia	Carnivora	Mustelidae	Lontra	Lontra longicaudis	annectens	SUBSPECIES	Lontra longicaudis annectens (Major, 1897)	Lontra longicaudis subsp. annectens	(Major, 1897)	MX	Río Lacanjá, 10 Km al S de la Zona Arqueológica de Bonampak, por carretera y a 500 m del puente por el afluente (Selva Lacandona)	Chiapas	PRESENT	1	ff90b050-c256-11db-b71b-b8a03c50a862	16.623333	-91.020556	100.0		140.0	140.0	0.0	0.0	1987-10-19	19	10	1987	6163971	2433738	MATERIAL_CITATION	NO DISPONIBLE	NO DISPONIBLE	NO DISPONIBLE		NO DISPONIBLE		CC_BY_4_0	Comisión Nacional para el Conocimiento y Uso de la Biodiversidad (CONABIO)	Espinosa, H.; Villalobos, J.	NotAType		2025-01-31T22:34:03.808Z		COORDINATE_ROUNDED;GEODETIC_DATUM_ASSUMED_WGS84;CONTINENT_DERIVED_FROM_COORDINATES;TAXON_MATCH_SCIENTIFIC_NAME_ID_IGNORED;TAXON_MATCH_TAXON_ID_IGNORED;ELEVATION_MIN_MAX_SWAPPED;OCCURRENCE_STATUS_INFERRED_FROM_INDIVIDUAL_COUNT;INSTITUTION_MATCH_NONE
2630406996	805bbcde-f762-11e1-a439-00145eb45e9a	c0f480adc7ed549d3180d522f684f679	Animalia	Chordata	Mammalia	Carnivora	Mustelidae	Lontra	Lontra longicaudis	annectens	SUBSPECIES	Lontra longicaudis annectens (Major, 1897)	Lontra longicaudis subsp. annectens	(Major, 1897)	MX	RIO SAMARIA	Campeche	PRESENT	1	ff90b050-c256-11db-b71b-b8a03c50a862	18.39111	-91.18944	150.0		0.0	0.0	0.0	0.0	1978-01-01	1	1	1978	6163971	2433738	MATERIAL_CITATION	NO DISPONIBLE	NO DISPONIBLE	NO DISPONIBLE		NO DISPONIBLE		CC_BY_4_0	Comisión Nacional para el Conocimiento y Uso de la Biodiversidad (CONABIO)	NO DISPONIBLE	NotAType		2025-01-31T22:34:02.062Z		CONTINENT_DERIVED_FROM_COORDINATES;TAXON_MATCH_SCIENTIFIC_NAME_ID_IGNORED;TAXON_MATCH_TAXON_ID_IGNORED;OCCURRENCE_STATUS_INFERRED_FROM_INDIVIDUAL_COUNT;INSTITUTION_MATCH_NONE
2630406052	805bbcde-f762-11e1-a439-00145eb45e9a	c1d96c101a1fffa50abe4c842419af3d	Animalia	Chordata	Mammalia	Carnivora	Mustelidae	Lontra	Lontra longicaudis	annectens	SUBSPECIES	Lontra longicaudis annectens (Major, 1897)	Lontra longicaudis subsp. annectens	(Major, 1897)	MX	Presa la Angostura	Chiapas	PRESENT	1	ff90b050-c256-11db-b71b-b8a03c50a862	16.311111	-92.844444	100.0		0.0	0.0	0.0	0.0	1981-05-28	28	5	1981	6163971	2433738	MATERIAL_CITATION	NO DISPONIBLE	NO DISPONIBLE	NO DISPONIBLE		NO DISPONIBLE		CC_BY_4_0	Comisión Nacional para el Conocimiento y Uso de la Biodiversidad (CONABIO)	Aranda, M.	NotAType		2025-01-31T22:34:03.712Z		COORDINATE_ROUNDED;GEODETIC_DATUM_ASSUMED_WGS84;CONTINENT_DERIVED_FROM_COORDINATES;TAXON_MATCH_SCIENTIFIC_NAME_ID_IGNORED;TAXON_MATCH_TAXON_ID_IGNORED;OCCURRENCE_STATUS_INFERRED_FROM_INDIVIDUAL_COUNT;INSTITUTION_MATCH_NONE
2630404695	805bbcde-f762-11e1-a439-00145eb45e9a	787348c805e90db92b63994f71d567fb	Animalia	Chordata	Mammalia	Carnivora	Mustelidae	Lontra	Lontra longicaudis	annectens	SUBSPECIES	Lontra longicaudis annectens (Major, 1897)	Lontra longicaudis subsp. annectens	(Major, 1897)	MX	Palenque, río Chacamax, aledaño a la zona arqueológica (Selva Lacandona)	Chiapas	PRESENT	1	ff90b050-c256-11db-b71b-b8a03c50a862	17.483333	-92.045833	90.0		200.0	200.0	0.0	0.0	1986-01-01	1	1	1986	6163971	2433738	MATERIAL_CITATION	NO DISPONIBLE	NO DISPONIBLE	NO DISPONIBLE		NO DISPONIBLE		CC_BY_4_0	Comisión Nacional para el Conocimiento y Uso de la Biodiversidad (CONABIO)	Gallo, R. J. P.	NotAType		2025-01-31T22:34:00.381Z		COORDINATE_ROUNDED;GEODETIC_DATUM_ASSUMED_WGS84;CONTINENT_DERIVED_FROM_COORDINATES;TAXON_MATCH_SCIENTIFIC_NAME_ID_IGNORED;TAXON_MATCH_TAXON_ID_IGNORED;ELEVATION_MIN_MAX_SWAPPED;OCCURRENCE_STATUS_INFERRED_FROM_INDIVIDUAL_COUNT;INSTITUTION_MATCH_NONE
2630404582	805bbcde-f762-11e1-a439-00145eb45e9a	6015f84bf4251aea39c415c47f734913	Animalia	Chordata	Mammalia	Carnivora	Mustelidae	Lontra	Lontra longicaudis	annectens	SUBSPECIES	Lontra longicaudis annectens (Major, 1897)	Lontra longicaudis subsp. annectens	(Major, 1897)	MX	Río Grijalva, 10 Km al N de Chiapa de Corzo	Chiapas	PRESENT	1	ff90b050-c256-11db-b71b-b8a03c50a862	16.785833	-93.062778	100.0		275.0	275.0	0.0	0.0	1989-01-01	1	1	1989	6163971	2433738	MATERIAL_CITATION	NO DISPONIBLE	NO DISPONIBLE	NO DISPONIBLE		NO DISPONIBLE		CC_BY_4_0	Comisión Nacional para el Conocimiento y Uso de la Biodiversidad (CONABIO)	NO DISPONIBLE	NotAType		2025-01-31T22:34:01.523Z		COORDINATE_ROUNDED;GEODETIC_DATUM_ASSUMED_WGS84;CONTINENT_DERIVED_FROM_COORDINATES;TAXON_MATCH_SCIENTIFIC_NAME_ID_IGNORED;TAXON_MATCH_TAXON_ID_IGNORED;ELEVATION_MIN_MAX_SWAPPED;OCCURRENCE_STATUS_INFERRED_FROM_INDIVIDUAL_COUNT;INSTITUTION_MATCH_NONE
2630402886	805bbcde-f762-11e1-a439-00145eb45e9a	951d09ce6098d307f7499c00089b934c	Animalia	Chordata	Mammalia	Carnivora	Mustelidae	Lontra	Lontra longicaudis	annectens	SUBSPECIES	Lontra longicaudis annectens (Major, 1897)	Lontra longicaudis subsp. annectens	(Major, 1897)	MX	Palenque, zona arqueológica, Río Chacamax	Chiapas	PRESENT	1	ff90b050-c256-11db-b71b-b8a03c50a862	17.483333	-92.045833	90.0		120.0	120.0	0.0	0.0	1989-01-01	1	1	1989	6163971	2433738	MATERIAL_CITATION	NO DISPONIBLE	NO DISPONIBLE	NO DISPONIBLE		NO DISPONIBLE		CC_BY_4_0	Comisión Nacional para el Conocimiento y Uso de la Biodiversidad (CONABIO)	NO DISPONIBLE	NotAType		2025-01-31T22:33:58.931Z		COORDINATE_ROUNDED;GEODETIC_DATUM_ASSUMED_WGS84;CONTINENT_DERIVED_FROM_COORDINATES;TAXON_MATCH_SCIENTIFIC_NAME_ID_IGNORED;TAXON_MATCH_TAXON_ID_IGNORED;ELEVATION_MIN_MAX_SWAPPED;OCCURRENCE_STATUS_INFERRED_FROM_INDIVIDUAL_COUNT;INSTITUTION_MATCH_NONE
2630402370	805bbcde-f762-11e1-a439-00145eb45e9a	23eb2a795d94cc0ea1b4003534c36116	Animalia	Chordata	Mammalia	Carnivora	Mustelidae	Lontra	Lontra longicaudis	annectens	SUBSPECIES	Lontra longicaudis annectens (Major, 1897)	Lontra longicaudis subsp. annectens	(Major, 1897)	MX	Río Las Flores (Río La Venta), sobre el puente de la carretera Panamericana	Chiapas	PRESENT	1	ff90b050-c256-11db-b71b-b8a03c50a862	16.691667	-93.56	100.0		250.0	250.0	0.0	0.0	1989-01-01	1	1	1989	6163971	2433738	MATERIAL_CITATION	NO DISPONIBLE	NO DISPONIBLE	NO DISPONIBLE		NO DISPONIBLE		CC_BY_4_0	Comisión Nacional para el Conocimiento y Uso de la Biodiversidad (CONABIO)	NO DISPONIBLE	NotAType		2025-01-31T22:34:04.149Z		COORDINATE_ROUNDED;GEODETIC_DATUM_ASSUMED_WGS84;CONTINENT_DERIVED_FROM_COORDINATES;TAXON_MATCH_SCIENTIFIC_NAME_ID_IGNORED;TAXON_MATCH_TAXON_ID_IGNORED;ELEVATION_MIN_MAX_SWAPPED;OCCURRENCE_STATUS_INFERRED_FROM_INDIVIDUAL_COUNT;INSTITUTION_MATCH_NONE
2630400262	805bbcde-f762-11e1-a439-00145eb45e9a	19283107f2fbcbb19b73be11a55241e5	Animalia	Chordata	Mammalia	Carnivora	Mustelidae	Lontra	Lontra longicaudis	annectens	SUBSPECIES	Lontra longicaudis annectens (Major, 1897)	Lontra longicaudis subsp. annectens	(Major, 1897)	MX	Río Cintalapa	Chiapas	PRESENT	1	ff90b050-c256-11db-b71b-b8a03c50a862	15.329167	-92.654167	100.0		300.0	300.0	0.0	0.0	1981-01-01	1	1	1981	6163971	2433738	MATERIAL_CITATION	NO DISPONIBLE	NO DISPONIBLE	NO DISPONIBLE		NO DISPONIBLE		CC_BY_4_0	Comisión Nacional para el Conocimiento y Uso de la Biodiversidad (CONABIO)	NO DISPONIBLE	NotAType		2025-01-31T22:34:01.734Z		COORDINATE_ROUNDED;GEODETIC_DATUM_ASSUMED_WGS84;CONTINENT_DERIVED_FROM_COORDINATES;TAXON_MATCH_SCIENTIFIC_NAME_ID_IGNORED;TAXON_MATCH_TAXON_ID_IGNORED;ELEVATION_MIN_MAX_SWAPPED;OCCURRENCE_STATUS_INFERRED_FROM_INDIVIDUAL_COUNT;INSTITUTION_MATCH_NONE
2630400246	805bbcde-f762-11e1-a439-00145eb45e9a	168a724de9a7103cd5b284c46e71f929	Animalia	Chordata	Mammalia	Carnivora	Mustelidae	Lontra	Lontra longicaudis	annectens	SUBSPECIES	Lontra longicaudis annectens (Major, 1897)	Lontra longicaudis subsp. annectens	(Major, 1897)	MX	Río La Venta, 15 Km al NE de Cintalapa	Chiapas	PRESENT	1	ff90b050-c256-11db-b71b-b8a03c50a862	16.703333	-93.557222	100.0		300.0	300.0	0.0	0.0	1989-01-01	1	1	1989	6163971	2433738	MATERIAL_CITATION	NO DISPONIBLE	NO DISPONIBLE	NO DISPONIBLE		NO DISPONIBLE		CC_BY_4_0	Comisión Nacional para el Conocimiento y Uso de la Biodiversidad (CONABIO)	NO DISPONIBLE	NotAType		2025-01-31T22:34:01.428Z		COORDINATE_ROUNDED;GEODETIC_DATUM_ASSUMED_WGS84;CONTINENT_DERIVED_FROM_COORDINATES;TAXON_MATCH_SCIENTIFIC_NAME_ID_IGNORED;TAXON_MATCH_TAXON_ID_IGNORED;ELEVATION_MIN_MAX_SWAPPED;OCCURRENCE_STATUS_INFERRED_FROM_INDIVIDUAL_COUNT;INSTITUTION_MATCH_NONE
2630399842	805bbcde-f762-11e1-a439-00145eb45e9a	c53e1e16c6480677325b65e510763e10	Animalia	Chordata	Mammalia	Carnivora	Mustelidae	Lontra	Lontra longicaudis	annectens	SUBSPECIES	Lontra longicaudis annectens (Major, 1897)	Lontra longicaudis subsp. annectens	(Major, 1897)	MX	Río Tapalapa	Chiapas	PRESENT	1	ff90b050-c256-11db-b71b-b8a03c50a862	17.19	-93.105	630.0		0.0	0.0	0.0	0.0	1989-01-01	1	1	1989	6163971	2433738	PRESERVED_SPECIMEN	IBUNAM	CNMA	NO DISPONIBLE		NO DISPONIBLE		CC_BY_4_0	Comisión Nacional para el Conocimiento y Uso de la Biodiversidad (CONABIO)	NO DISPONIBLE	NotAType		2025-01-31T22:34:00.175Z		CONTINENT_DERIVED_FROM_COORDINATES;TAXON_MATCH_SCIENTIFIC_NAME_ID_IGNORED;TAXON_MATCH_TAXON_ID_IGNORED;OCCURRENCE_STATUS_INFERRED_FROM_INDIVIDUAL_COUNT;INSTITUTION_MATCH_FUZZY;COLLECTION_MATCH_FUZZY
2630399839	805bbcde-f762-11e1-a439-00145eb45e9a	8cce81cd0a145630d4f87f73c8107647	Animalia	Chordata	Mammalia	Carnivora	Mustelidae	Lontra	Lontra longicaudis	annectens	SUBSPECIES	Lontra longicaudis annectens (Major, 1897)	Lontra longicaudis subsp. annectens	(Major, 1897)	MX	Río Tzendales, (Selva Lacandona)	Chiapas	PRESENT	1	ff90b050-c256-11db-b71b-b8a03c50a862	16.229167	-91.063889	100.0		110.0	110.0	0.0	0.0	1987-12-29	29	12	1987	6163971	2433738	PRESERVED_SPECIMEN	IBUNAM	CNMA	NO DISPONIBLE		NO DISPONIBLE		CC_BY_4_0	Comisión Nacional para el Conocimiento y Uso de la Biodiversidad (CONABIO)	Soberón, F.; Mendoza, Q. F.; Vogt, R. C.	NotAType		2025-01-31T22:33:58.039Z		COORDINATE_ROUNDED;GEODETIC_DATUM_ASSUMED_WGS84;CONTINENT_DERIVED_FROM_COORDINATES;TAXON_MATCH_SCIENTIFIC_NAME_ID_IGNORED;TAXON_MATCH_TAXON_ID_IGNORED;ELEVATION_MIN_MAX_SWAPPED;OCCURRENCE_STATUS_INFERRED_FROM_INDIVIDUAL_COUNT;INSTITUTION_MATCH_FUZZY;COLLECTION_MATCH_FUZZY
2630396794	805bbcde-f762-11e1-a439-00145eb45e9a	69d99f959018450c7b4994c25925506b	Animalia	Chordata	Mammalia	Carnivora	Mustelidae	Lontra	Lontra longicaudis	annectens	SUBSPECIES	Lontra longicaudis annectens (Major, 1897)	Lontra longicaudis subsp. annectens	(Major, 1897)	MX	Río Tzendales, (Selva Lacandona)	Chiapas	PRESENT	1	ff90b050-c256-11db-b71b-b8a03c50a862	16.229167	-91.063889	100.0		150.0	150.0	0.0	0.0	1989-01-01	1	1	1989	6163971	2433738	PRESERVED_SPECIMEN	IBUNAM	CNMA	NO DISPONIBLE		NO DISPONIBLE		CC_BY_4_0	Comisión Nacional para el Conocimiento y Uso de la Biodiversidad (CONABIO)	NO DISPONIBLE	NotAType		2025-01-31T22:34:03.265Z		COORDINATE_ROUNDED;GEODETIC_DATUM_ASSUMED_WGS84;CONTINENT_DERIVED_FROM_COORDINATES;TAXON_MATCH_SCIENTIFIC_NAME_ID_IGNORED;TAXON_MATCH_TAXON_ID_IGNORED;ELEVATION_MIN_MAX_SWAPPED;OCCURRENCE_STATUS_INFERRED_FROM_INDIVIDUAL_COUNT;INSTITUTION_MATCH_FUZZY;COLLECTION_MATCH_FUZZY
2630394217	805bbcde-f762-11e1-a439-00145eb45e9a	09bfde37e4924bb4b1449efa44e71c85	Animalia	Chordata	Mammalia	Carnivora	Mustelidae	Lontra	Lontra longicaudis	annectens	SUBSPECIES	Lontra longicaudis annectens (Major, 1897)	Lontra longicaudis subsp. annectens	(Major, 1897)	MX	Río Lacanjá, afluente, 3 Km al N de Bonampak, zona arqueológica	Chiapas	PRESENT	1	ff90b050-c256-11db-b71b-b8a03c50a862	16.729444	-91.063889	90.0		250.0	250.0	0.0	0.0	1989-01-01	1	1	1989	6163971	2433738	MATERIAL_CITATION	NO DISPONIBLE	NO DISPONIBLE	NO DISPONIBLE		NO DISPONIBLE		CC_BY_4_0	Comisión Nacional para el Conocimiento y Uso de la Biodiversidad (CONABIO)	NO DISPONIBLE	NotAType		2025-01-31T22:34:01.037Z		COORDINATE_ROUNDED;GEODETIC_DATUM_ASSUMED_WGS84;CONTINENT_DERIVED_FROM_COORDINATES;TAXON_MATCH_SCIENTIFIC_NAME_ID_IGNORED;TAXON_MATCH_TAXON_ID_IGNORED;ELEVATION_MIN_MAX_SWAPPED;OCCURRENCE_STATUS_INFERRED_FROM_INDIVIDUAL_COUNT;INSTITUTION_MATCH_NONE
2630379234	805bbcde-f762-11e1-a439-00145eb45e9a	f49ceb2268244e45d108c05f42cee11f	Animalia	Chordata	Mammalia	Carnivora	Mustelidae	Lontra	Lontra longicaudis	annectens	SUBSPECIES	Lontra longicaudis annectens (Major, 1897)	Lontra longicaudis subsp. annectens	(Major, 1897)	MX	Mapastepec	Chiapas	PRESENT	1	ff90b050-c256-11db-b71b-b8a03c50a862	15.424444	-92.892222	100.0		22.5	22.5	0.0	0.0	1949-10-30	30	10	1949	6163971	2433738	PRESERVED_SPECIMEN	UMMZ	UMMZ	96525		NO DISPONIBLE		CC_BY_4_0	Comisión Nacional para el Conocimiento y Uso de la Biodiversidad (CONABIO)	W	NotAType		2025-01-31T22:34:02.151Z		COORDINATE_ROUNDED;GEODETIC_DATUM_ASSUMED_WGS84;CONTINENT_DERIVED_FROM_COORDINATES;TAXON_MATCH_SCIENTIFIC_NAME_ID_IGNORED;TAXON_MATCH_TAXON_ID_IGNORED;ELEVATION_MIN_MAX_SWAPPED;OCCURRENCE_STATUS_INFERRED_FROM_INDIVIDUAL_COUNT;INSTITUTION_MATCH_FUZZY;COLLECTION_MATCH_FUZZY;DIFFERENT_OWNER_INSTITUTION
2630378359	805bbcde-f762-11e1-a439-00145eb45e9a	a01bd84f2cac8707d5e1de5303e9bde5	Animalia	Chordata	Mammalia	Carnivora	Mustelidae	Lontra	Lontra longicaudis	annectens	SUBSPECIES	Lontra longicaudis annectens (Major, 1897)	Lontra longicaudis subsp. annectens	(Major, 1897)	MX	Jiquipilas	Chiapas	PRESENT	1	ff90b050-c256-11db-b71b-b8a03c50a862	16.666667	-93.65	100.0		270.0	270.0	0.0	0.0	1981-01-01	1	1	1981	6163971	2433738	PRESERVED_SPECIMEN	KU	KUM	66220		NO DISPONIBLE		CC_BY_4_0	Comisión Nacional para el Conocimiento y Uso de la Biodiversidad (CONABIO)	NO DISPONIBLE	NotAType		2025-01-31T22:34:04.208Z		COORDINATE_ROUNDED;GEODETIC_DATUM_ASSUMED_WGS84;CONTINENT_DERIVED_FROM_COORDINATES;TAXON_MATCH_SCIENTIFIC_NAME_ID_IGNORED;TAXON_MATCH_TAXON_ID_IGNORED;ELEVATION_MIN_MAX_SWAPPED;OCCURRENCE_STATUS_INFERRED_FROM_INDIVIDUAL_COUNT;INSTITUTION_MATCH_FUZZY;COLLECTION_MATCH_FUZZY;DIFFERENT_OWNER_INSTITUTION
2630377371	805bbcde-f762-11e1-a439-00145eb45e9a	2e5465ae7b2847fad4ed5e9b674ec4dc	Animalia	Chordata	Mammalia	Carnivora	Mustelidae	Lontra	Lontra longicaudis	annectens	SUBSPECIES	Lontra longicaudis annectens (Major, 1897)	Lontra longicaudis subsp. annectens	(Major, 1897)	MX	Chicomuselo	Chiapas	PRESENT	1	ff90b050-c256-11db-b71b-b8a03c50a862	15.743333	-92.285	100.0		325.0	325.0	0.0	0.0					6163971	2433738	PRESERVED_SPECIMEN	KU	KUM	66223		NO DISPONIBLE		CC_BY_4_0	Comisión Nacional para el Conocimiento y Uso de la Biodiversidad (CONABIO)	Dickerman, R. W.	NotAType		2025-01-31T22:34:04.480Z		COORDINATE_ROUNDED;GEODETIC_DATUM_ASSUMED_WGS84;CONTINENT_DERIVED_FROM_COORDINATES;TAXON_MATCH_SCIENTIFIC_NAME_ID_IGNORED;TAXON_MATCH_TAXON_ID_IGNORED;ELEVATION_MIN_MAX_SWAPPED;OCCURRENCE_STATUS_INFERRED_FROM_INDIVIDUAL_COUNT;INSTITUTION_MATCH_FUZZY;COLLECTION_MATCH_FUZZY;DIFFERENT_OWNER_INSTITUTION
2630358597	805bbcde-f762-11e1-a439-00145eb45e9a	7a7555bce5fcbe43e4d34c023281c6af	Animalia	Chordata	Mammalia	Carnivora	Mustelidae	Lontra	Lontra longicaudis	annectens	SUBSPECIES	Lontra longicaudis annectens (Major, 1897)	Lontra longicaudis subsp. annectens	(Major, 1897)	MX	RIO CHAMPOTON	Campeche	PRESENT	1	ff90b050-c256-11db-b71b-b8a03c50a862	18.566667	-89.45	80.0		0.0	0.0	0.0	0.0	1978-01-01	1	1	1978	6163971	2433738	MATERIAL_CITATION	NO DISPONIBLE	NO DISPONIBLE	NO DISPONIBLE		NO DISPONIBLE		CC_BY_4_0	Comisión Nacional para el Conocimiento y Uso de la Biodiversidad (CONABIO)	NO DISPONIBLE	NotAType		2025-01-31T22:33:58.910Z		COORDINATE_ROUNDED;GEODETIC_DATUM_ASSUMED_WGS84;CONTINENT_DERIVED_FROM_COORDINATES;TAXON_MATCH_SCIENTIFIC_NAME_ID_IGNORED;TAXON_MATCH_TAXON_ID_IGNORED;OCCURRENCE_STATUS_INFERRED_FROM_INDIVIDUAL_COUNT;INSTITUTION_MATCH_NONE
2630357840	805bbcde-f762-11e1-a439-00145eb45e9a	9639d1a0e2a399ce7db4aa43cb528aec	Animalia	Chordata	Mammalia	Carnivora	Mustelidae	Lontra	Lontra longicaudis	annectens	SUBSPECIES	Lontra longicaudis annectens (Major, 1897)	Lontra longicaudis subsp. annectens	(Major, 1897)	MX	Río Grijalva, 3 Km al SW de Chiapa de Corzo	Chiapas	PRESENT	1	ff90b050-c256-11db-b71b-b8a03c50a862	16.671111	-93.011389	100.0		275.0	275.0	0.0	0.0	1989-01-01	1	1	1989	6163971	2433738	MATERIAL_CITATION	NO DISPONIBLE	NO DISPONIBLE	NO DISPONIBLE		NO DISPONIBLE		CC_BY_4_0	Comisión Nacional para el Conocimiento y Uso de la Biodiversidad (CONABIO)	NO DISPONIBLE	NotAType		2025-01-31T22:33:59.320Z		COORDINATE_ROUNDED;GEODETIC_DATUM_ASSUMED_WGS84;CONTINENT_DERIVED_FROM_COORDINATES;TAXON_MATCH_SCIENTIFIC_NAME_ID_IGNORED;TAXON_MATCH_TAXON_ID_IGNORED;ELEVATION_MIN_MAX_SWAPPED;OCCURRENCE_STATUS_INFERRED_FROM_INDIVIDUAL_COUNT;INSTITUTION_MATCH_NONE
2630356587	805bbcde-f762-11e1-a439-00145eb45e9a	505ec489965e1d604126ae6064dd3afa	Animalia	Chordata	Mammalia	Carnivora	Mustelidae	Lontra	Lontra longicaudis	annectens	SUBSPECIES	Lontra longicaudis annectens (Major, 1897)	Lontra longicaudis subsp. annectens	(Major, 1897)	MX	Comitán	Chiapas	PRESENT	1	ff90b050-c256-11db-b71b-b8a03c50a862	16.251111	-92.134167	100.0		800.0	800.0	0.0	0.0	1958-01-01	1	1	1958	6163971	2433738	MATERIAL_CITATION	NO DISPONIBLE	NO DISPONIBLE	NO DISPONIBLE		NO DISPONIBLE		CC_BY_4_0	Comisión Nacional para el Conocimiento y Uso de la Biodiversidad (CONABIO)	NO DISPONIBLE	NotAType		2025-01-31T22:34:04.282Z		COORDINATE_ROUNDED;GEODETIC_DATUM_ASSUMED_WGS84;CONTINENT_DERIVED_FROM_COORDINATES;TAXON_MATCH_SCIENTIFIC_NAME_ID_IGNORED;TAXON_MATCH_TAXON_ID_IGNORED;ELEVATION_MIN_MAX_SWAPPED;OCCURRENCE_STATUS_INFERRED_FROM_INDIVIDUAL_COUNT;INSTITUTION_MATCH_NONE
2630356511	805bbcde-f762-11e1-a439-00145eb45e9a	4231739afc292334a2d3534e1e5c8a52	Animalia	Chordata	Mammalia	Carnivora	Mustelidae	Lontra	Lontra longicaudis	annectens	SUBSPECIES	Lontra longicaudis annectens (Major, 1897)	Lontra longicaudis subsp. annectens	(Major, 1897)	MX	Chiapa de Corzo, 3 Km al NW, Embarcadero de Cahuaré	Chiapas	PRESENT	1	ff90b050-c256-11db-b71b-b8a03c50a862	16.735556	-93.02	100.0		300.0	300.0	0.0	0.0	1989-01-01	1	1	1989	6163971	2433738	MATERIAL_CITATION	NO DISPONIBLE	NO DISPONIBLE	NO DISPONIBLE		NO DISPONIBLE		CC_BY_4_0	Comisión Nacional para el Conocimiento y Uso de la Biodiversidad (CONABIO)	NO DISPONIBLE	NotAType		2025-01-31T22:34:01.384Z		COORDINATE_ROUNDED;GEODETIC_DATUM_ASSUMED_WGS84;CONTINENT_DERIVED_FROM_COORDINATES;TAXON_MATCH_SCIENTIFIC_NAME_ID_IGNORED;TAXON_MATCH_TAXON_ID_IGNORED;ELEVATION_MIN_MAX_SWAPPED;OCCURRENCE_STATUS_INFERRED_FROM_INDIVIDUAL_COUNT;INSTITUTION_MATCH_NONE
2630355403	805bbcde-f762-11e1-a439-00145eb45e9a	2a324d9ddf7a0bb572a3d80403c4eb74	Animalia	Chordata	Mammalia	Carnivora	Mustelidae	Lontra	Lontra longicaudis	annectens	SUBSPECIES	Lontra longicaudis annectens (Major, 1897)	Lontra longicaudis subsp. annectens	(Major, 1897)	MX	Río Palizada (delta del río Usumacinta)	Campeche	PRESENT	1	ff90b050-c256-11db-b71b-b8a03c50a862	18.094879	-92.07761	10050.0		0.0	0.0	0.0	0.0	1978-01-01	1	1	1978	6163971	2433738	MATERIAL_CITATION	NO DISPONIBLE	NO DISPONIBLE	NO DISPONIBLE		NO DISPONIBLE		CC_BY_4_0	Comisión Nacional para el Conocimiento y Uso de la Biodiversidad (CONABIO)	NO DISPONIBLE	NotAType		2025-01-31T22:34:02.952Z		CONTINENT_DERIVED_FROM_COORDINATES;TAXON_MATCH_SCIENTIFIC_NAME_ID_IGNORED;TAXON_MATCH_TAXON_ID_IGNORED;OCCURRENCE_STATUS_INFERRED_FROM_INDIVIDUAL_COUNT;INSTITUTION_MATCH_NONE
2630354118	805bbcde-f762-11e1-a439-00145eb45e9a	e2627cc92c9efd3e793f858ffe1928fa	Animalia	Chordata	Mammalia	Carnivora	Mustelidae	Lontra	Lontra longicaudis	annectens	SUBSPECIES	Lontra longicaudis annectens (Major, 1897)	Lontra longicaudis subsp. annectens	(Major, 1897)	MX	Río Lacantún, confluencia con el Arroyo Miranda; Ejido Boca del Río Chajul, Reserva de la Biósfera Montes Azules (Selva Lacandona)	Chiapas	PRESENT	1	ff90b050-c256-11db-b71b-b8a03c50a862	16.106667	-90.950833	100.0		0.0	0.0	0.0	0.0	1981-04-20	20	4	1981	6163971	2433738	MATERIAL_CITATION	NO DISPONIBLE	NO DISPONIBLE	NO DISPONIBLE		NO DISPONIBLE		CC_BY_4_0	Comisión Nacional para el Conocimiento y Uso de la Biodiversidad (CONABIO)	Aranda, M.	NotAType		2025-01-31T22:34:00.270Z		COORDINATE_ROUNDED;GEODETIC_DATUM_ASSUMED_WGS84;CONTINENT_DERIVED_FROM_COORDINATES;TAXON_MATCH_SCIENTIFIC_NAME_ID_IGNORED;TAXON_MATCH_TAXON_ID_IGNORED;OCCURRENCE_STATUS_INFERRED_FROM_INDIVIDUAL_COUNT;INSTITUTION_MATCH_NONE
2630353784	805bbcde-f762-11e1-a439-00145eb45e9a	9215dbf4605d7b7659718875a5993dcb	Animalia	Chordata	Mammalia	Carnivora	Mustelidae	Lontra	Lontra longicaudis	annectens	SUBSPECIES	Lontra longicaudis annectens (Major, 1897)	Lontra longicaudis subsp. annectens	(Major, 1897)	MX	Bonampak, zona arqueológica (Selva Lacandona)	Chiapas	PRESENT	1	ff90b050-c256-11db-b71b-b8a03c50a862	16.719444	-91.064444	90.0		175.0	175.0	0.0	0.0	1992-01-01	1	1	1992	6163971	2433738	MATERIAL_CITATION	NO DISPONIBLE	NO DISPONIBLE	NO DISPONIBLE		NO DISPONIBLE		CC_BY_4_0	Comisión Nacional para el Conocimiento y Uso de la Biodiversidad (CONABIO)	NO DISPONIBLE	NotAType		2025-01-31T22:34:03.682Z		COORDINATE_ROUNDED;GEODETIC_DATUM_ASSUMED_WGS84;CONTINENT_DERIVED_FROM_COORDINATES;TAXON_MATCH_SCIENTIFIC_NAME_ID_IGNORED;TAXON_MATCH_TAXON_ID_IGNORED;ELEVATION_MIN_MAX_SWAPPED;OCCURRENCE_STATUS_INFERRED_FROM_INDIVIDUAL_COUNT;INSTITUTION_MATCH_NONE
2630353548	805bbcde-f762-11e1-a439-00145eb45e9a	5679c4c21176b08abc660448df850362	Animalia	Chordata	Mammalia	Carnivora	Mustelidae	Lontra	Lontra longicaudis	annectens	SUBSPECIES	Lontra longicaudis annectens (Major, 1897)	Lontra longicaudis subsp. annectens	(Major, 1897)	MX	Río Candelaria	Campeche	PRESENT	1	ff90b050-c256-11db-b71b-b8a03c50a862	18.312963	-91.342386	22540.0		0.0	0.0	0.0	0.0	1978-01-01	1	1	1978	6163971	2433738	MATERIAL_CITATION	NO DISPONIBLE	NO DISPONIBLE	NO DISPONIBLE		NO DISPONIBLE		CC_BY_4_0	Comisión Nacional para el Conocimiento y Uso de la Biodiversidad (CONABIO)	NO DISPONIBLE	NotAType		2025-01-31T22:34:02.203Z		COORDINATE_ROUNDED;CONTINENT_DERIVED_FROM_COORDINATES;TAXON_MATCH_SCIENTIFIC_NAME_ID_IGNORED;TAXON_MATCH_TAXON_ID_IGNORED;OCCURRENCE_STATUS_INFERRED_FROM_INDIVIDUAL_COUNT;INSTITUTION_MATCH_NONE
2630353436	805bbcde-f762-11e1-a439-00145eb45e9a	40d2e3a9a2cbbe1bf3e2ce4f63f6b24e	Animalia	Chordata	Mammalia	Carnivora	Mustelidae	Lontra	Lontra longicaudis	annectens	SUBSPECIES	Lontra longicaudis annectens (Major, 1897)	Lontra longicaudis subsp. annectens	(Major, 1897)	MX	Río Cintalapa	Chiapas	PRESENT	1	ff90b050-c256-11db-b71b-b8a03c50a862	15.329167	-92.654167	100.0		300.0	300.0	0.0	0.0	1989-01-01	1	1	1989	6163971	2433738	MATERIAL_CITATION	NO DISPONIBLE	NO DISPONIBLE	NO DISPONIBLE		NO DISPONIBLE		CC_BY_4_0	Comisión Nacional para el Conocimiento y Uso de la Biodiversidad (CONABIO)	NO DISPONIBLE	NotAType		2025-01-31T22:34:03.760Z		COORDINATE_ROUNDED;GEODETIC_DATUM_ASSUMED_WGS84;CONTINENT_DERIVED_FROM_COORDINATES;TAXON_MATCH_SCIENTIFIC_NAME_ID_IGNORED;TAXON_MATCH_TAXON_ID_IGNORED;ELEVATION_MIN_MAX_SWAPPED;OCCURRENCE_STATUS_INFERRED_FROM_INDIVIDUAL_COUNT;INSTITUTION_MATCH_NONE
2630348966	805bbcde-f762-11e1-a439-00145eb45e9a	725fcf1cc368d0c3e87f16ed73899625	Animalia	Chordata	Mammalia	Carnivora	Mustelidae	Lontra	Lontra longicaudis	annectens	SUBSPECIES	Lontra longicaudis annectens (Major, 1897)	Lontra longicaudis subsp. annectens	(Major, 1897)	MX	Cañon del Río La Venta, 100 m del Rio Negro y La Venta (Reserva El Ocote)	Chiapas	PRESENT	1	ff90b050-c256-11db-b71b-b8a03c50a862	16.981667	-93.7675	90.0		110.0	110.0	0.0	0.0	1992-06-02	2	6	1992	6163971	2433738	MATERIAL_CITATION	NO DISPONIBLE	NO DISPONIBLE	5		NO DISPONIBLE		CC_BY_4_0	Comisión Nacional para el Conocimiento y Uso de la Biodiversidad (CONABIO)	Alba, L. Ma. P.	NotAType		2025-01-31T22:34:02.963Z		COORDINATE_ROUNDED;GEODETIC_DATUM_ASSUMED_WGS84;CONTINENT_DERIVED_FROM_COORDINATES;TAXON_MATCH_SCIENTIFIC_NAME_ID_IGNORED;TAXON_MATCH_TAXON_ID_IGNORED;ELEVATION_MIN_MAX_SWAPPED;OCCURRENCE_STATUS_INFERRED_FROM_INDIVIDUAL_COUNT;INSTITUTION_MATCH_NONE
2630321363	805bbcde-f762-11e1-a439-00145eb45e9a	934b5350d8e0b1f2c8155af8718f9820	Animalia	Chordata	Mammalia	Carnivora	Mustelidae	Lontra	Lontra longicaudis	annectens	SUBSPECIES	Lontra longicaudis annectens (Major, 1897)	Lontra longicaudis subsp. annectens	(Major, 1897)	MX	Región de Macuspana	Tabasco	PRESENT	1	ff90b050-c256-11db-b71b-b8a03c50a862	17.86826	-92.42297	37320.0		0.0	0.0	0.0	0.0	1981-01-01	1	1	1981	6163971	2433738	PRESERVED_SPECIMEN	KU	KUM	66221		NO DISPONIBLE		CC_BY_4_0	Comisión Nacional para el Conocimiento y Uso de la Biodiversidad (CONABIO)	NO DISPONIBLE	NotAType		2025-01-31T22:34:03.947Z		CONTINENT_DERIVED_FROM_COORDINATES;TAXON_MATCH_SCIENTIFIC_NAME_ID_IGNORED;TAXON_MATCH_TAXON_ID_IGNORED;OCCURRENCE_STATUS_INFERRED_FROM_INDIVIDUAL_COUNT;INSTITUTION_MATCH_FUZZY;COLLECTION_MATCH_FUZZY;DIFFERENT_OWNER_INSTITUTION
2630073597	3679494f-e9d3-4334-9cf7-02726df790ea	682334e9ce9659c3a05d75e5a542e6cb	Animalia	Chordata	Mammalia	Carnivora	Mustelidae	Lontra	Lontra longicaudis	annectens	SUBSPECIES	Lontra longicaudis annectens (Major, 1897)	Lontra longicaudis subsp. annectens	(Major, 1897)	MX	Urique	Chihuahua	PRESENT	1	ff90b050-c256-11db-b71b-b8a03c50a862	27.208333	-107.925	60.0		259.0	259.0	0.0	0.0	1960-05-24	24	5	1960	6163971	2433738	PRESERVED_SPECIMEN	KU	KUM	MNHUK85406		SA		CC_BY_4_0	Comisión Nacional para el Conocimiento y Uso de la Biodiversidad (CONABIO)	JKJjr	NotAType		2025-01-31T19:25:27.545Z		COORDINATE_ROUNDED;GEODETIC_DATUM_ASSUMED_WGS84;CONTINENT_DERIVED_FROM_COORDINATES;TAXON_MATCH_SCIENTIFIC_NAME_ID_IGNORED;TAXON_MATCH_TAXON_ID_IGNORED;ELEVATION_MIN_MAX_SWAPPED;OCCURRENCE_STATUS_INFERRED_FROM_INDIVIDUAL_COUNT;INSTITUTION_MATCH_FUZZY;COLLECTION_MATCH_FUZZY;DIFFERENT_OWNER_INSTITUTION
2244337384	50c9509d-22c7-4a22-a47d-8c48425ef4a7	http://conabio.inaturalist.org/observations/7048704	Animalia	Chordata	Mammalia	Carnivora	Mustelidae	Lontra	Lontra longicaudis	annectens	SUBSPECIES	Lontra longicaudis annectens (Major, 1897)	Lontra longicaudis annectens		MX		Jalisco	PRESENT		28eb1a3f-1c15-4a95-931a-4af90ecb574d	20.680972	-103.842945	994.0						2006-11-20	20	11	2006	6163971	2433738	HUMAN_OBSERVATION	iNaturalist	Observations	7048704		lontrologo	2017-07-14T16:04:18	CC_BY_NC_4_0	lontrologo	lontrologo			2025-03-07T11:46:40.814Z	StillImage	CONTINENT_DERIVED_FROM_COORDINATES;TAXON_MATCH_TAXON_ID_IGNORED
2235561043	50c9509d-22c7-4a22-a47d-8c48425ef4a7	http://conabio.inaturalist.org/observations/7048718	Animalia	Chordata	Mammalia	Carnivora	Mustelidae	Lontra	Lontra longicaudis	annectens	SUBSPECIES	Lontra longicaudis annectens (Major, 1897)	Lontra longicaudis annectens		MX		Jalisco	PRESENT		28eb1a3f-1c15-4a95-931a-4af90ecb574d	20.684053	-103.84243	1990.0						2006-11-20	20	11	2006	6163971	2433738	HUMAN_OBSERVATION	iNaturalist	Observations	7048718		lontrologo	2017-07-14T16:04:54	CC_BY_NC_4_0	lontrologo	lontrologo			2025-03-07T11:46:40.389Z	StillImage	CONTINENT_DERIVED_FROM_COORDINATES;TAXON_MATCH_TAXON_ID_IGNORED
219038623	96b422d2-f762-11e1-a439-00145eb45e9a		Animalia	Chordata	Mammalia	Carnivora	Mustelidae	Lontra	Lontra longicaudis	annectens	SUBSPECIES	Lontra longicaudis annectens (Major, 1897)	Lontra longicaudis annectens	(Major, 1897)	MX	Río San Nicolás, 2 km SSW Quemaro	Jalisco	PRESENT		b459e790-0d3c-11d9-8431-b8a03c50a862	19.62	-105.18			10.0				1986-04-18	18	4	1986	6163971	2433738	OCCURRENCE	IBUNAM	EBCC	130				CC_BY_NC_4_0		Ceballos-G., G.			2025-02-16T13:29:41.679Z		GEODETIC_DATUM_ASSUMED_WGS84;CONTINENT_DERIVED_FROM_COORDINATES;BASIS_OF_RECORD_INVALID
219038541	96b2e606-f762-11e1-a439-00145eb45e9a		Animalia	Chordata	Mammalia	Carnivora	Mustelidae	Lontra	Lontra longicaudis	annectens	SUBSPECIES	Lontra longicaudis annectens (Major, 1897)	Lontra longicaudis annectens	(Major, 1897)	MX	Laguna Escondida	Veracruz	PRESENT		b459e790-0d3c-11d9-8431-b8a03c50a862	18.58	-95.07							1982-01-20	20	1	1982	6163971	2433738	OCCURRENCE	IBUNAM	Mamiferos Tuxtlas	52				CC_BY_NC_4_0		Coates-L., R.			2025-03-13T16:17:28.100Z		GEODETIC_DATUM_ASSUMED_WGS84;CONTINENT_DERIVED_FROM_COORDINATES;BASIS_OF_RECORD_INVALID
219038540	96b2e606-f762-11e1-a439-00145eb45e9a		Animalia	Chordata	Mammalia	Carnivora	Mustelidae	Lontra	Lontra longicaudis	annectens	SUBSPECIES	Lontra longicaudis annectens (Major, 1897)	Lontra longicaudis annectens	(Major, 1897)	MX	Laguna Escondida	Veracruz	PRESENT		b459e790-0d3c-11d9-8431-b8a03c50a862	18.58	-95.07							1982-01-20	20	1	1982	6163971	2433738	OCCURRENCE	IBUNAM	Mamiferos Tuxtlas	51				CC_BY_NC_4_0		Coates-L., R.			2025-03-13T16:17:28.096Z		GEODETIC_DATUM_ASSUMED_WGS84;CONTINENT_DERIVED_FROM_COORDINATES;BASIS_OF_RECORD_INVALID
219038469	96b2e606-f762-11e1-a439-00145eb45e9a		Animalia	Chordata	Mammalia	Carnivora	Mustelidae	Lontra	Lontra longicaudis	annectens	SUBSPECIES	Lontra longicaudis annectens (Major, 1897)	Lontra longicaudis annectens	(Major, 1897)	MX	Laguna Escondida	Veracruz	PRESENT		b459e790-0d3c-11d9-8431-b8a03c50a862	18.58	-95.07							1986-05-28	28	5	1986	6163971	2433738	OCCURRENCE	IBUNAM	Mamiferos Tuxtlas	393				CC_BY_NC_4_0		Coates-L., R.			2025-03-13T16:17:27.439Z		GEODETIC_DATUM_ASSUMED_WGS84;CONTINENT_DERIVED_FROM_COORDINATES;BASIS_OF_RECORD_INVALID
219038338	96b2e606-f762-11e1-a439-00145eb45e9a		Animalia	Chordata	Mammalia	Carnivora	Mustelidae	Lontra	Lontra longicaudis	annectens	SUBSPECIES	Lontra longicaudis annectens (Major, 1897)	Lontra longicaudis annectens	(Major, 1897)	MX	Lerdo de Tejada	Veracruz	PRESENT		b459e790-0d3c-11d9-8431-b8a03c50a862	18.62	-95.51							1983-04-20	20	4	1983	6163971	2433738	OCCURRENCE	IBUNAM	Mamiferos Tuxtlas	269				CC_BY_NC_4_0		Coates-L., R.			2025-03-13T16:17:28.345Z		GEODETIC_DATUM_ASSUMED_WGS84;CONTINENT_DERIVED_FROM_COORDINATES;BASIS_OF_RECORD_INVALID
1987352513	6d2cfc0a-9903-40b8-802b-403398218e4a	f1684c62-19c6-41bc-bbcb-f2a8a09e0dbf	Animalia	Chordata	Mammalia	Carnivora	Mustelidae	Lontra	Lontra longicaudis	annectens	SUBSPECIES	Lontra longicaudis annectens (Major, 1897)	Lontra longicaudis annectens		MX	MAPASTEPEC	Chiapas	PRESENT		6ea87510-0561-11d8-b851-b8a03c50a862	15.4424953	-92.891611	1.75						1949-10-30	30	10	1949	6163971	2433738	PRESERVED_SPECIMEN	UMMZ	mammals	96525	5277			CC_BY_NC_4_0		WAGNER, H.		native	2025-03-01T05: